run_id,block,role,revision,policy,prepare_exit_code,prepare_tests,prepare_failures,prepare_errors,prepare_ns,target_exit_code,target_tests,target_failures,target_errors,target_file_not_found,target_file_not_found_failures,target_other_failures,target_ns,total_ns,anchor_receipts,target_phase_receipts,topology_receipts,effective_setting_receipts,preconsume_files,preconsume_bytes,postconsume_files,postconsume_bytes
b1-child-latest-native-anchor,1,child,7f708d0ba42f727b3f8c3d77cef2108206cad2de,latest-native-anchor,0,3,0,0,34455058447,0,3,0,0,false,0,0,30564671610,65019730057,3,3,3,3,96,926789,99,928979
b1-parent-early-native-anchor,1,parent,0e6e4198ad84227c20e2c61c2dd8b0616324aa31,early-native-anchor,0,3,0,0,32935492852,0,3,0,0,false,0,0,31082560889,64018053741,3,3,3,3,79,263793,92,915417
b1-child-full-history-native,1,child,7f708d0ba42f727b3f8c3d77cef2108206cad2de,full-history-native,0,0,0,0,0,0,3,0,0,false,0,0,31576841245,31576841245,0,3,3,3,0,0,103,938928
b1-parent-latest-native-anchor,1,parent,0e6e4198ad84227c20e2c61c2dd8b0616324aa31,latest-native-anchor,0,3,0,0,31024344533,0,3,0,0,false,0,0,30054029103,61078373636,3,3,3,3,93,912744,96,914940
b1-parent-full-history-native,1,parent,0e6e4198ad84227c20e2c61c2dd8b0616324aa31,full-history-native,0,0,0,0,0,0,3,0,0,false,0,0,31976700758,31976700758,0,3,3,3,0,0,91,939225
b1-child-early-native-anchor,1,child,7f708d0ba42f727b3f8c3d77cef2108206cad2de,early-native-anchor,0,3,0,0,31080645748,0,3,0,0,false,0,0,31642915274,62723561022,3,3,3,3,77,258066,92,911641
b2-child-early-native-anchor,2,child,7f708d0ba42f727b3f8c3d77cef2108206cad2de,early-native-anchor,0,3,0,0,30809525126,0,3,0,0,false,0,0,30969859990,61779385116,3,3,3,3,81,266776,94,934848
b2-parent-early-native-anchor,2,parent,0e6e4198ad84227c20e2c61c2dd8b0616324aa31,early-native-anchor,0,3,0,0,30456646994,0,3,0,0,false,0,0,30907145000,61363791994,3,3,3,3,85,271431,98,925673
b2-child-latest-native-anchor,2,child,7f708d0ba42f727b3f8c3d77cef2108206cad2de,latest-native-anchor,0,3,0,0,32107827371,0,3,0,0,false,0,0,30220650967,62328478338,3,3,3,3,90,894352,93,896542
b2-child-full-history-native,2,child,7f708d0ba42f727b3f8c3d77cef2108206cad2de,full-history-native,0,0,0,0,0,0,3,0,0,false,0,0,31968153568,31968153568,0,3,3,3,0,0,95,909573
b2-parent-latest-native-anchor,2,parent,0e6e4198ad84227c20e2c61c2dd8b0616324aa31,latest-native-anchor,0,3,0,0,31891501774,0,3,0,0,false,0,0,30365827604,62257329378,3,3,3,3,105,959685,108,961881
b2-parent-full-history-native,2,parent,0e6e4198ad84227c20e2c61c2dd8b0616324aa31,full-history-native,0,0,0,0,0,0,3,0,0,false,0,0,31226456068,31226456068,0,3,3,3,0,0,96,922741
b3-parent-early-native-anchor,3,parent,0e6e4198ad84227c20e2c61c2dd8b0616324aa31,early-native-anchor,0,3,0,0,31151161717,0,3,0,0,false,0,0,31036842869,62188004586,3,3,3,3,81,268093,96,954751
b3-parent-latest-native-anchor,3,parent,0e6e4198ad84227c20e2c61c2dd8b0616324aa31,latest-native-anchor,0,3,0,0,30926731863,0,3,0,0,false,0,0,30768718446,61695450309,3,3,3,3,92,913279,95,915475
b3-parent-full-history-native,3,parent,0e6e4198ad84227c20e2c61c2dd8b0616324aa31,full-history-native,0,0,0,0,0,0,3,0,0,false,0,0,31440145421,31440145421,0,3,3,3,0,0,93,912155
b3-child-early-native-anchor,3,child,7f708d0ba42f727b3f8c3d77cef2108206cad2de,early-native-anchor,0,3,0,0,30597528425,0,3,0,0,false,0,0,30832245923,61429774348,3,3,3,3,78,262123,93,911445
b3-child-full-history-native,3,child,7f708d0ba42f727b3f8c3d77cef2108206cad2de,full-history-native,0,0,0,0,0,0,3,0,0,false,0,0,31730942896,31730942896,0,3,3,3,0,0,96,918681
b3-child-latest-native-anchor,3,child,7f708d0ba42f727b3f8c3d77cef2108206cad2de,latest-native-anchor,0,3,0,0,31111192815,0,3,0,0,false,0,0,30276596531,61387789346,3,3,3,3,93,926661,96,928851
