run_id,block,role,revision,executed_policy,command_exit_code,tests,failures,errors,file_not_found,elapsed_seconds
b1-parent-history-aware,1,parent,0e6e4198ad84227c20e2c61c2dd8b0616324aa31,history-aware,1,3,1,0,true,281
b1-child-fresh-only,1,child,7f708d0ba42f727b3f8c3d77cef2108206cad2de,fresh-only,0,3,0,0,false,260
b1-parent-fresh-only,1,parent,0e6e4198ad84227c20e2c61c2dd8b0616324aa31,fresh-only,0,3,0,0,false,37
b1-child-configuration-only,1,child,7f708d0ba42f727b3f8c3d77cef2108206cad2de,configuration-only,0,3,0,0,false,39
b1-parent-configuration-only,1,parent,0e6e4198ad84227c20e2c61c2dd8b0616324aa31,configuration-only,0,3,0,0,false,41
b1-child-history-aware,1,child,7f708d0ba42f727b3f8c3d77cef2108206cad2de,history-aware,0,3,0,0,false,56
b2-parent-fresh-only,2,parent,0e6e4198ad84227c20e2c61c2dd8b0616324aa31,fresh-only,0,3,0,0,false,34
b2-parent-history-aware,2,parent,0e6e4198ad84227c20e2c61c2dd8b0616324aa31,history-aware,1,3,1,0,true,52
b2-child-configuration-only,2,child,7f708d0ba42f727b3f8c3d77cef2108206cad2de,configuration-only,0,3,0,0,false,40
b2-child-fresh-only,2,child,7f708d0ba42f727b3f8c3d77cef2108206cad2de,fresh-only,0,3,0,0,false,36
b2-parent-configuration-only,2,parent,0e6e4198ad84227c20e2c61c2dd8b0616324aa31,configuration-only,0,3,0,0,false,40
b2-child-history-aware,2,child,7f708d0ba42f727b3f8c3d77cef2108206cad2de,history-aware,0,3,0,0,false,54
b3-parent-history-aware,3,parent,0e6e4198ad84227c20e2c61c2dd8b0616324aa31,history-aware,1,3,1,0,true,54
b3-parent-configuration-only,3,parent,0e6e4198ad84227c20e2c61c2dd8b0616324aa31,configuration-only,0,3,0,0,false,43
b3-child-fresh-only,3,child,7f708d0ba42f727b3f8c3d77cef2108206cad2de,fresh-only,0,3,0,0,false,37
b3-parent-fresh-only,3,parent,0e6e4198ad84227c20e2c61c2dd8b0616324aa31,fresh-only,0,3,0,0,false,37
b3-child-history-aware,3,child,7f708d0ba42f727b3f8c3d77cef2108206cad2de,history-aware,0,3,0,0,false,54
b3-child-configuration-only,3,child,7f708d0ba42f727b3f8c3d77cef2108206cad2de,configuration-only,0,3,0,0,false,40
