run_id,block,role,revision,policy,prepare_exit_code,prepare_tests,prepare_failures,prepare_errors,prepare_ns,target_exit_code,target_tests,target_failures,target_errors,target_file_not_found,target_file_not_found_failures,target_other_failures,target_ns,total_ns,anchor_receipts,target_phase_receipts,preconsume_files,preconsume_bytes,postconsume_files,postconsume_bytes
b1-child-latest-native-anchor,1,child,7f708d0ba42f727b3f8c3d77cef2108206cad2de,latest-native-anchor,0,3,0,0,34281604898,0,3,0,0,false,0,0,33409304382,67690909280,3,3,92,902262,95,904455
b1-parent-early-native-anchor,1,parent,0e6e4198ad84227c20e2c61c2dd8b0616324aa31,early-native-anchor,0,3,0,0,36998284335,0,3,0,0,false,0,0,32171558099,69169842434,3,3,86,278568,101,951148
b1-child-full-history-native,1,child,7f708d0ba42f727b3f8c3d77cef2108206cad2de,full-history-native,0,0,0,0,0,0,3,0,0,false,0,0,33324148986,33324148986,0,3,0,0,92,925372
b1-parent-latest-native-anchor,1,parent,0e6e4198ad84227c20e2c61c2dd8b0616324aa31,latest-native-anchor,0,3,0,0,32273591860,0,3,0,0,false,0,0,33026852610,65300444470,3,3,88,908146,91,910345
b1-parent-full-history-native,1,parent,0e6e4198ad84227c20e2c61c2dd8b0616324aa31,full-history-native,0,0,0,0,0,0,3,0,0,false,0,0,33094741933,33094741933,0,3,0,0,92,907301
b1-child-early-native-anchor,1,child,7f708d0ba42f727b3f8c3d77cef2108206cad2de,early-native-anchor,0,3,0,0,31288943989,0,3,0,0,false,0,0,33939147634,65228091623,3,3,83,272427,96,929049
b2-child-early-native-anchor,2,child,7f708d0ba42f727b3f8c3d77cef2108206cad2de,early-native-anchor,0,3,0,0,31788619889,0,3,0,0,false,0,0,32387347488,64175967377,3,3,82,269198,95,942741
b2-parent-early-native-anchor,2,parent,0e6e4198ad84227c20e2c61c2dd8b0616324aa31,early-native-anchor,0,3,0,0,32245353539,0,3,0,0,false,0,0,33537179244,65782532783,3,3,86,268377,99,922212
b2-child-latest-native-anchor,2,child,7f708d0ba42f727b3f8c3d77cef2108206cad2de,latest-native-anchor,0,3,0,0,32663279351,0,3,0,0,false,0,0,31072011546,63735290897,3,3,95,927121,98,929314
b2-child-full-history-native,2,child,7f708d0ba42f727b3f8c3d77cef2108206cad2de,full-history-native,0,0,0,0,0,0,3,0,0,false,0,0,33728812388,33728812388,0,3,0,0,90,904739
b2-parent-latest-native-anchor,2,parent,0e6e4198ad84227c20e2c61c2dd8b0616324aa31,latest-native-anchor,0,3,0,0,33054553458,0,3,0,0,false,0,0,31138229283,64192782741,3,3,93,919543,96,921742
b2-parent-full-history-native,2,parent,0e6e4198ad84227c20e2c61c2dd8b0616324aa31,full-history-native,0,0,0,0,0,0,3,0,0,false,0,0,33897628425,33897628425,0,3,0,0,92,932693
b3-parent-early-native-anchor,3,parent,0e6e4198ad84227c20e2c61c2dd8b0616324aa31,early-native-anchor,0,3,0,0,32284264665,0,3,0,0,false,0,0,33561090059,65845354724,3,3,84,273299,101,945341
b3-parent-latest-native-anchor,3,parent,0e6e4198ad84227c20e2c61c2dd8b0616324aa31,latest-native-anchor,0,3,0,0,32428107640,0,3,0,0,false,0,0,31275559901,63703667541,3,3,101,950921,104,953120
b3-parent-full-history-native,3,parent,0e6e4198ad84227c20e2c61c2dd8b0616324aa31,full-history-native,0,0,0,0,0,0,3,0,0,false,0,0,32903560314,32903560314,0,3,0,0,97,937089
b3-child-early-native-anchor,3,child,7f708d0ba42f727b3f8c3d77cef2108206cad2de,early-native-anchor,0,3,0,0,32725014980,0,3,0,0,false,0,0,31776685217,64501700197,3,3,78,261902,91,921164
b3-child-full-history-native,3,child,7f708d0ba42f727b3f8c3d77cef2108206cad2de,full-history-native,0,0,0,0,0,0,3,0,0,false,0,0,33401476571,33401476571,0,3,0,0,96,923394
b3-child-latest-native-anchor,3,child,7f708d0ba42f727b3f8c3d77cef2108206cad2de,latest-native-anchor,0,3,0,0,33706681212,0,3,0,0,false,0,0,30938856516,64645537728,3,3,95,932889,98,935082
